Branching	Index	Inherit	Length	Load	Nesting	Number	Sharing	filename	Path	CPA
2	15191	True	13	50	0	2	0	model-15191.graphml	T12	378403
2	15754	True	13	50	1	2	1	model-15754.graphml	T12	23024
1	20180	True	9	60	0	2	0	model-20180.graphml	T8	43083
2	20515	True	9	50	0	2	2	model-20515.graphml	T8	167747
1	20590	True	9	50	1	2	0	model-20590.graphml	T8	37155
1	20595	True	9	60	1	2	0	model-20595.graphml	T8	160937
2	20670	True	9	60	1	2	0	model-20670.graphml	T8	40136
2	20672	True	9	70	1	2	0	model-20672.graphml	T9	135913
1	20721	True	9	50	1	2	1	model-20721.graphml	T8	8859
1	20729	True	9	50	1	2	1	model-20729.graphml	T17	34706
1	20737	True	9	60	1	2	1	model-20737.graphml	T17	111711
2	20944	True	9	60	1	2	2	model-20944.graphml	T8	232304
2	21071	True	9	50	2	2	0	model-21071.graphml	T8	158370
2	21076	True	9	50	2	2	0	model-21076.graphml	T14	12029
2	21079	True	9	50	2	2	0	model-21079.graphml	T14	79310
2	21080	True	9	50	2	2	0	model-21080.graphml	T8	17437
2	21354	True	9	50	2	2	2	model-21354.graphml	T11	76878
2	21359	True	9	50	2	2	2	model-21359.graphml	T11	83684
2	21361	True	9	60	2	2	2	model-21361.graphml	T11	178151
1	22053	True	9	50	1	4	0	model-22053.graphml	T8	51857
1	22061	True	9	60	1	4	0	model-22061.graphml	T26	85312
2	22126	True	9	50	1	4	0	model-22126.graphml	T25	32975
3	22200	True	9	50	1	4	0	model-22200.graphml	T23	30155
3	22203	True	9	60	1	4	0	model-22203.graphml	T9	132502
1	22261	True	9	50	1	4	1	model-22261.graphml	T35	170410
1	22262	True	9	50	1	4	1	model-22262.graphml	T8	55642
1	22280	True	9	60	1	4	1	model-22280.graphml	T35	251001
1	22475	True	9	50	1	4	2	model-22475.graphml	T26	2860
1	22479	True	9	50	1	4	2	model-22479.graphml	T8	155621
2	22547	True	9	50	1	4	2	model-22547.graphml	T8	23154
2	22769	True	9	60	2	4	0	model-22769.graphml	T8	58375
3	22824	True	9	50	2	4	0	model-22824.graphml	T19	134359
3	22825	True	9	50	2	4	0	model-22825.graphml	T8	30856
3	22827	True	9	50	2	4	0	model-22827.graphml	T8	21494
2	22968	True	9	50	2	4	1	model-22968.graphml	T8	17479
2	22979	True	9	60	2	4	1	model-22979.graphml	T8	47139
2	23176	True	9	50	2	4	2	model-23176.graphml	T8	105341
2	23177	True	9	50	2	4	2	model-23177.graphml	T8	97929
2	23179	True	9	50	2	4	2	model-23179.graphml	T21	47281
2	23190	True	9	60	2	4	2	model-23190.graphml	T23	30497
3	23248	True	9	50	2	4	2	model-23248.graphml	T25	57707
1	23948	True	9	50	1	8	0	model-23948.graphml	T44	46983
2	24237	True	9	60	1	8	1	model-24237.graphml	T52	106614
3	24715	True	9	50	2	8	0	model-24715.graphml	T19	61993
2	24855	True	9	50	2	8	1	model-24855.graphml	T26	15530
1	25201	True	5	50	0	2	0	model-25201.graphml	T9	35600
1	25202	True	5	50	0	2	0	model-25202.graphml	T4	38711
1	25203	True	5	50	0	2	0	model-25203.graphml	T4	41294
1	25204	True	5	50	0	2	0	model-25204.graphml	T9	34824
1	25205	True	5	50	0	2	0	model-25205.graphml	T9	63559
1	25206	True	5	50	0	2	0	model-25206.graphml	T4	26903
1	25207	True	5	50	0	2	0	model-25207.graphml	T4	95947
1	25209	True	5	50	0	2	0	model-25209.graphml	T9	65901
1	25210	True	5	50	0	2	0	model-25210.graphml	T9	26039
1	25212	True	5	60	0	2	0	model-25212.graphml	T9	89733
1	25214	True	5	60	0	2	0	model-25214.graphml	T4	91832
1	25217	True	5	60	0	2	0	model-25217.graphml	T9	86439
1	25219	True	5	60	0	2	0	model-25219.graphml	T4	31913
1	25223	True	5	70	0	2	0	model-25223.graphml	T9	129782
1	25224	True	5	70	0	2	0	model-25224.graphml	T4	109510
1	25226	True	5	70	0	2	0	model-25226.graphml	T4	152550
1	25230	True	5	70	0	2	0	model-25230.graphml	T4	153387
1	25235	True	5	80	0	2	0	model-25235.graphml	T9	81530
2	25271	True	5	50	0	2	0	model-25271.graphml	T4	22456
2	25272	True	5	50	0	2	0	model-25272.graphml	T8	27865
2	25273	True	5	50	0	2	0	model-25273.graphml	T4	11136
2	25274	True	5	50	0	2	0	model-25274.graphml	T8	114449
2	25275	True	5	50	0	2	0	model-25275.graphml	T8	52154
2	25277	True	5	50	0	2	0	model-25277.graphml	T4	125623
2	25278	True	5	50	0	2	0	model-25278.graphml	T4	74960
2	25279	True	5	50	0	2	0	model-25279.graphml	T4	17039
2	25280	True	5	50	0	2	0	model-25280.graphml	T4	20306
2	25281	True	5	60	0	2	0	model-25281.graphml	T4	27961
2	25284	True	5	60	0	2	0	model-25284.graphml	T4	23518
2	25285	True	5	60	0	2	0	model-25285.graphml	T8	41767
2	25289	True	5	60	0	2	0	model-25289.graphml	T4	15948
2	25290	True	5	60	0	2	0	model-25290.graphml	T8	58040
2	25299	True	5	70	0	2	0	model-25299.graphml	T4	34983
2	25306	True	5	80	0	2	0	model-25306.graphml	T4	26295
1	25342	True	5	50	0	2	1	model-25342.graphml	T4	105829
1	25343	True	5	50	0	2	1	model-25343.graphml	T4	49006
1	25344	True	5	50	0	2	1	model-25344.graphml	T4	232326
1	25345	True	5	50	0	2	1	model-25345.graphml	T4	21575
1	25346	True	5	50	0	2	1	model-25346.graphml	T4	40886
1	25347	True	5	50	0	2	1	model-25347.graphml	T9	158560
1	25348	True	5	50	0	2	1	model-25348.graphml	T9	20674
1	25349	True	5	50	0	2	1	model-25349.graphml	T4	30688
1	25350	True	5	50	0	2	1	model-25350.graphml	T4	56523
1	25351	True	5	60	0	2	1	model-25351.graphml	T4	85199
1	25352	True	5	60	0	2	1	model-25352.graphml	T4	22915
1	25353	True	5	60	0	2	1	model-25353.graphml	T4	198196
1	25355	True	5	60	0	2	1	model-25355.graphml	T4	18362
1	25361	True	5	70	0	2	1	model-25361.graphml	T4	95865
1	25381	True	5	90	0	2	1	model-25381.graphml	T9	84403
2	25412	True	5	50	0	2	1	model-25412.graphml	T8	13586
2	25414	True	5	50	0	2	1	model-25414.graphml	T4	27346
2	25417	True	5	50	0	2	1	model-25417.graphml	T8	92865
2	25418	True	5	50	0	2	1	model-25418.graphml	T8	59605
2	25420	True	5	50	0	2	1	model-25420.graphml	T4	40408
2	25421	True	5	60	0	2	1	model-25421.graphml	T8	21944
2	25424	True	5	60	0	2	1	model-25424.graphml	T4	26384
2	25427	True	5	60	0	2	1	model-25427.graphml	T8	41152
2	25428	True	5	60	0	2	1	model-25428.graphml	T4	45584
2	25429	True	5	60	0	2	1	model-25429.graphml	T4	70820
2	25430	True	5	60	0	2	1	model-25430.graphml	T4	140728
2	25431	True	5	70	0	2	1	model-25431.graphml	T4	215734
2	25434	True	5	70	0	2	1	model-25434.graphml	T4	27222
2	25438	True	5	70	0	2	1	model-25438.graphml	T4	15888
2	25439	True	5	70	0	2	1	model-25439.graphml	T4	86423
2	25440	True	5	70	0	2	1	model-25440.graphml	T4	32076
2	25456	True	5	90	0	2	1	model-25456.graphml	T8	39294
2	25460	True	5	90	0	2	1	model-25460.graphml	T8	83488
1	25482	True	5	50	0	2	2	model-25482.graphml	T4	21245
1	25483	True	5	50	0	2	2	model-25483.graphml	T4	151058
1	25484	True	5	50	0	2	2	model-25484.graphml	T4	28952
1	25486	True	5	50	0	2	2	model-25486.graphml	T9	45394
1	25488	True	5	50	0	2	2	model-25488.graphml	T9	10877
1	25489	True	5	50	0	2	2	model-25489.graphml	T4	39765
1	25490	True	5	50	0	2	2	model-25490.graphml	T9	18181
1	25491	True	5	60	0	2	2	model-25491.graphml	T4	14813
1	25492	True	5	60	0	2	2	model-25492.graphml	T9	52296
1	25493	True	5	60	0	2	2	model-25493.graphml	T9	37908
1	25495	True	5	60	0	2	2	model-25495.graphml	T4	95602
1	25499	True	5	60	0	2	2	model-25499.graphml	T4	111773
1	25500	True	5	60	0	2	2	model-25500.graphml	T4	31727
1	25503	True	5	70	0	2	2	model-25503.graphml	T4	223182
1	25505	True	5	70	0	2	2	model-25505.graphml	T9	40034
1	25509	True	5	70	0	2	2	model-25509.graphml	T4	36774
2	25551	True	5	50	0	2	2	model-25551.graphml	T6	21682
2	25553	True	5	50	0	2	2	model-25553.graphml	T4	32582
2	25555	True	5	50	0	2	2	model-25555.graphml	T4	23902
2	25557	True	5	50	0	2	2	model-25557.graphml	T6	12117
2	25560	True	5	50	0	2	2	model-25560.graphml	T4	19297
2	25565	True	5	60	0	2	2	model-25565.graphml	T6	44334
2	25566	True	5	60	0	2	2	model-25566.graphml	T6	55925
2	25588	True	5	80	0	2	2	model-25588.graphml	T6	11455
2	25589	True	5	80	0	2	2	model-25589.graphml	T4	57106
2	25599	True	5	90	0	2	2	model-25599.graphml	T4	31689
1	25621	True	5	50	1	2	0	model-25621.graphml	T9	4613
1	25622	True	5	50	1	2	0	model-25622.graphml	T9	4612
1	25623	True	5	50	1	2	0	model-25623.graphml	T4	153229
1	25624	True	5	50	1	2	0	model-25624.graphml	T4	12028
1	25625	True	5	50	1	2	0	model-25625.graphml	T9	157776
1	25626	True	5	50	1	2	0	model-25626.graphml	T9	25851
1	25627	True	5	50	1	2	0	model-25627.graphml	T4	12028
1	25628	True	5	50	1	2	0	model-25628.graphml	T9	17094
1	25629	True	5	50	1	2	0	model-25629.graphml	T9	4869
1	25630	True	5	50	1	2	0	model-25630.graphml	T9	22664
1	25632	True	5	60	1	2	0	model-25632.graphml	T4	24702
1	25636	True	5	60	1	2	0	model-25636.graphml	T9	120753
1	25637	True	5	60	1	2	0	model-25637.graphml	T4	209558
2	25691	True	5	50	1	2	0	model-25691.graphml	T6	58878
2	25692	True	5	50	1	2	0	model-25692.graphml	T4	8356
2	25693	True	5	50	1	2	0	model-25693.graphml	T6	27320
2	25695	True	5	50	1	2	0	model-25695.graphml	T6	4366
2	25700	True	5	50	1	2	0	model-25700.graphml	T4	69223
2	25703	True	5	60	1	2	0	model-25703.graphml	T6	5470
2	25704	True	5	60	1	2	0	model-25704.graphml	T4	8699
2	25709	True	5	60	1	2	0	model-25709.graphml	T6	13804
2	25713	True	5	70	1	2	0	model-25713.graphml	T6	13977
2	25714	True	5	70	1	2	0	model-25714.graphml	T4	27744
2	25715	True	5	70	1	2	0	model-25715.graphml	T6	28974
2	25717	True	5	70	1	2	0	model-25717.graphml	T4	24012
2	25721	True	5	80	1	2	0	model-25721.graphml	T4	32941
2	25722	True	5	80	1	2	0	model-25722.graphml	T4	10854
2	25725	True	5	80	1	2	0	model-25725.graphml	T6	10854
2	25739	True	5	90	1	2	0	model-25739.graphml	T6	13678
2	25747	True	5	95	1	2	0	model-25747.graphml	T4	24417
1	25761	True	5	50	1	2	1	model-25761.graphml	T9	85997
1	25763	True	5	50	1	2	1	model-25763.graphml	T9	6231
1	25764	True	5	50	1	2	1	model-25764.graphml	T9	85997
1	25765	True	5	50	1	2	1	model-25765.graphml	T9	85997
1	25766	True	5	50	1	2	1	model-25766.graphml	T9	18962
1	25767	True	5	50	1	2	1	model-25767.graphml	T9	37789
1	25769	True	5	50	1	2	1	model-25769.graphml	T9	43884
1	25770	True	5	50	1	2	1	model-25770.graphml	T9	85997
1	25774	True	5	60	1	2	1	model-25774.graphml	T9	113520
1	25776	True	5	60	1	2	1	model-25776.graphml	T9	180604
1	25779	True	5	60	1	2	1	model-25779.graphml	T9	66858
2	25832	True	5	50	1	2	1	model-25832.graphml	T7	77897
2	25833	True	5	50	1	2	1	model-25833.graphml	T7	21268
2	25834	True	5	50	1	2	1	model-25834.graphml	T7	47241
2	25836	True	5	50	1	2	1	model-25836.graphml	T7	35477
2	25841	True	5	60	1	2	1	model-25841.graphml	T7	202440
2	25843	True	5	60	1	2	1	model-25843.graphml	T7	111020
2	25846	True	5	60	1	2	1	model-25846.graphml	T7	63754
2	25848	True	5	60	1	2	1	model-25848.graphml	T4	111020
2	25851	True	5	70	1	2	1	model-25851.graphml	T7	22298
2	25854	True	5	70	1	2	1	model-25854.graphml	T7	130487
2	25855	True	5	70	1	2	1	model-25855.graphml	T7	130487
2	25858	True	5	70	1	2	1	model-25858.graphml	T7	23130
1	25901	True	5	50	1	2	2	model-25901.graphml	T9	6540
1	25902	True	5	50	1	2	2	model-25902.graphml	T9	60904
1	25903	True	5	50	1	2	2	model-25903.graphml	T4	4158
1	25904	True	5	50	1	2	2	model-25904.graphml	T9	60904
1	25905	True	5	50	1	2	2	model-25905.graphml	T9	60904
1	25906	True	5	50	1	2	2	model-25906.graphml	T9	6540
1	25907	True	5	50	1	2	2	model-25907.graphml	T4	4158
1	25908	True	5	50	1	2	2	model-25908.graphml	T9	60904
1	25909	True	5	50	1	2	2	model-25909.graphml	T9	6540
1	25910	True	5	50	1	2	2	model-25910.graphml	T9	60904
2	25971	True	5	50	1	2	2	model-25971.graphml	T6	13403
2	25972	True	5	50	1	2	2	model-25972.graphml	T6	12666
2	25974	True	5	50	1	2	2	model-25974.graphml	T4	12637
2	25975	True	5	50	1	2	2	model-25975.graphml	T4	131162
2	25977	True	5	50	1	2	2	model-25977.graphml	T4	12637
2	25978	True	5	50	1	2	2	model-25978.graphml	T4	13403
2	25988	True	5	60	1	2	2	model-25988.graphml	T6	11014
2	25989	True	5	60	1	2	2	model-25989.graphml	T6	15710
2	25990	True	5	60	1	2	2	model-25990.graphml	T6	52588
2	25993	True	5	70	1	2	2	model-25993.graphml	T6	24450
2	25994	True	5	70	1	2	2	model-25994.graphml	T4	31300
2	25995	True	5	70	1	2	2	model-25995.graphml	T6	12683
2	25997	True	5	70	1	2	2	model-25997.graphml	T4	34444
2	25999	True	5	70	1	2	2	model-25999.graphml	T6	17518
2	26000	True	5	70	1	2	2	model-26000.graphml	T4	31300
2	26005	True	5	80	1	2	2	model-26005.graphml	T6	24262
2	26009	True	5	80	1	2	2	model-26009.graphml	T6	24262
2	26015	True	5	90	1	2	2	model-26015.graphml	T4	59156
1	26043	True	5	50	2	2	0	model-26043.graphml	T4	4739
1	26044	True	5	50	2	2	0	model-26044.graphml	T4	4739
1	26045	True	5	50	2	2	0	model-26045.graphml	T4	4739
1	26047	True	5	50	2	2	0	model-26047.graphml	T4	4739
1	26048	True	5	50	2	2	0	model-26048.graphml	T9	105551
2	26113	True	5	50	2	2	0	model-26113.graphml	T4	66529
2	26114	True	5	50	2	2	0	model-26114.graphml	T6	12379
2	26116	True	5	50	2	2	0	model-26116.graphml	T6	13469
2	26117	True	5	50	2	2	0	model-26117.graphml	T4	15597
2	26123	True	5	60	2	2	0	model-26123.graphml	T6	47087
2	26128	True	5	60	2	2	0	model-26128.graphml	T6	18080
2	26129	True	5	60	2	2	0	model-26129.graphml	T6	12726
2	26131	True	5	70	2	2	0	model-26131.graphml	T4	11723
2	26134	True	5	70	2	2	0	model-26134.graphml	T4	38697
2	26136	True	5	70	2	2	0	model-26136.graphml	T6	49097
2	26137	True	5	70	2	2	0	model-26137.graphml	T6	66916
2	26138	True	5	70	2	2	0	model-26138.graphml	T4	19665
2	26141	True	5	80	2	2	0	model-26141.graphml	T6	37785
2	26142	True	5	80	2	2	0	model-26142.graphml	T6	20200
2	26143	True	5	80	2	2	0	model-26143.graphml	T4	49584
2	26144	True	5	80	2	2	0	model-26144.graphml	T4	34271
2	26147	True	5	80	2	2	0	model-26147.graphml	T6	65699
2	26155	True	5	90	2	2	0	model-26155.graphml	T4	54651
1	26181	True	5	50	2	2	1	model-26181.graphml	T4	10593
1	26182	True	5	50	2	2	1	model-26182.graphml	T9	16801
1	26183	True	5	50	2	2	1	model-26183.graphml	T4	189959
1	26184	True	5	50	2	2	1	model-26184.graphml	T4	10593
1	26185	True	5	50	2	2	1	model-26185.graphml	T9	157430
1	26186	True	5	50	2	2	1	model-26186.graphml	T4	189959
1	26187	True	5	50	2	2	1	model-26187.graphml	T4	10593
1	26188	True	5	50	2	2	1	model-26188.graphml	T9	16801
1	26189	True	5	50	2	2	1	model-26189.graphml	T4	189959
1	26190	True	5	50	2	2	1	model-26190.graphml	T9	157430
2	26251	True	5	50	2	2	1	model-26251.graphml	T4	47921
2	26252	True	5	50	2	2	1	model-26252.graphml	T8	9318
2	26253	True	5	50	2	2	1	model-26253.graphml	T4	22575
2	26254	True	5	50	2	2	1	model-26254.graphml	T8	10455
2	26255	True	5	50	2	2	1	model-26255.graphml	T8	25361
2	26259	True	5	50	2	2	1	model-26259.graphml	T4	22575
2	26260	True	5	50	2	2	1	model-26260.graphml	T4	24982
2	26263	True	5	60	2	2	1	model-26263.graphml	T8	194380
2	26270	True	5	60	2	2	1	model-26270.graphml	T4	11646
2	26275	True	5	70	2	2	1	model-26275.graphml	T4	23969
1	26321	True	5	50	2	2	2	model-26321.graphml	T4	12975
1	26322	True	5	50	2	2	2	model-26322.graphml	T4	12975
1	26323	True	5	50	2	2	2	model-26323.graphml	T9	187538
1	26324	True	5	50	2	2	2	model-26324.graphml	T4	12975
1	26325	True	5	50	2	2	2	model-26325.graphml	T9	17199
1	26326	True	5	50	2	2	2	model-26326.graphml	T9	17199
1	26327	True	5	50	2	2	2	model-26327.graphml	T9	17199
1	26328	True	5	50	2	2	2	model-26328.graphml	T9	17199
1	26329	True	5	50	2	2	2	model-26329.graphml	T4	12975
1	26330	True	5	50	2	2	2	model-26330.graphml	T9	17199
2	26392	True	5	50	2	2	2	model-26392.graphml	T4	6796
2	26395	True	5	50	2	2	2	model-26395.graphml	T5	14420
2	26397	True	5	50	2	2	2	model-26397.graphml	T5	4292
2	26403	True	5	60	2	2	2	model-26403.graphml	T5	23371
2	26404	True	5	60	2	2	2	model-26404.graphml	T4	11484
2	26417	True	5	70	2	2	2	model-26417.graphml	T4	7198
2	26422	True	5	80	2	2	2	model-26422.graphml	T5	13206
2	26437	True	5	90	2	2	2	model-26437.graphml	T5	36488
1	26461	True	5	50	0	4	0	model-26461.graphml	T19	39745
1	26462	True	5	50	0	4	0	model-26462.graphml	T19	50202
1	26463	True	5	50	0	4	0	model-26463.graphml	T14	22886
1	26464	True	5	50	0	4	0	model-26464.graphml	T14	26154
1	26465	True	5	50	0	4	0	model-26465.graphml	T14	21900
1	26466	True	5	50	0	4	0	model-26466.graphml	T9	137586
1	26467	True	5	50	0	4	0	model-26467.graphml	T4	23341
1	26468	True	5	50	0	4	0	model-26468.graphml	T9	17428
1	26469	True	5	50	0	4	0	model-26469.graphml	T14	33121
1	26470	True	5	50	0	4	0	model-26470.graphml	T9	5970
1	26471	True	5	60	0	4	0	model-26471.graphml	T4	41024
1	26473	True	5	60	0	4	0	model-26473.graphml	T14	86362
1	26474	True	5	60	0	4	0	model-26474.graphml	T4	27669
1	26478	True	5	60	0	4	0	model-26478.graphml	T9	94649
1	26485	True	5	70	0	4	0	model-26485.graphml	T14	71436
2	26532	True	5	50	0	4	0	model-26532.graphml	T8	5960
2	26533	True	5	50	0	4	0	model-26533.graphml	T13	10167
2	26534	True	5	50	0	4	0	model-26534.graphml	T16	24832
2	26536	True	5	50	0	4	0	model-26536.graphml	T8	5525
2	26537	True	5	50	0	4	0	model-26537.graphml	T13	10586
2	26539	True	5	50	0	4	0	model-26539.graphml	T8	9381
2	26541	True	5	60	0	4	0	model-26541.graphml	T4	30901
2	26547	True	5	60	0	4	0	model-26547.graphml	T4	13540
2	26553	True	5	70	0	4	0	model-26553.graphml	T8	13638
2	26557	True	5	70	0	4	0	model-26557.graphml	T13	31121
3	26608	True	5	50	0	4	0	model-26608.graphml	T4	50656
3	26609	True	5	50	0	4	0	model-26609.graphml	T15	124782
3	26618	True	5	60	0	4	0	model-26618.graphml	T4	75512
1	26671	True	5	50	0	4	1	model-26671.graphml	T19	28625
1	26673	True	5	50	0	4	1	model-26673.graphml	T4	14031
1	26674	True	5	50	0	4	1	model-26674.graphml	T19	30542
1	26676	True	5	50	0	4	1	model-26676.graphml	T4	22617
1	26677	True	5	50	0	4	1	model-26677.graphml	T19	27345
1	26678	True	5	50	0	4	1	model-26678.graphml	T9	21198
1	26681	True	5	60	0	4	1	model-26681.graphml	T14	126367
1	26682	True	5	60	0	4	1	model-26682.graphml	T19	41233
1	26688	True	5	60	0	4	1	model-26688.graphml	T4	12895
1	26690	True	5	60	0	4	1	model-26690.graphml	T4	35877
2	26741	True	5	50	0	4	1	model-26741.graphml	T10	29687
2	26743	True	5	50	0	4	1	model-26743.graphml	T13	11498
2	26747	True	5	50	0	4	1	model-26747.graphml	T10	37568
2	26748	True	5	50	0	4	1	model-26748.graphml	T13	27636
2	26749	True	5	50	0	4	1	model-26749.graphml	T10	13479
2	26750	True	5	50	0	4	1	model-26750.graphml	T13	50875
2	26754	True	5	60	0	4	1	model-26754.graphml	T10	117940
2	26756	True	5	60	0	4	1	model-26756.graphml	T13	42446
2	26759	True	5	60	0	4	1	model-26759.graphml	T5	30820
2	26769	True	5	70	0	4	1	model-26769.graphml	T10	38575
3	26812	True	5	50	0	4	1	model-26812.graphml	T15	10467
3	26816	True	5	50	0	4	1	model-26816.graphml	T21	33043
3	26817	True	5	50	0	4	1	model-26817.graphml	T4	25162
3	26820	True	5	50	0	4	1	model-26820.graphml	T7	39610
3	26824	True	5	60	0	4	1	model-26824.graphml	T21	21866
3	26832	True	5	70	0	4	1	model-26832.graphml	T4	26988
3	26837	True	5	70	0	4	1	model-26837.graphml	T21	41596
1	26881	True	5	50	0	4	2	model-26881.graphml	T19	20677
1	26882	True	5	50	0	4	2	model-26882.graphml	T19	26551
1	26883	True	5	50	0	4	2	model-26883.graphml	T19	31606
1	26884	True	5	50	0	4	2	model-26884.graphml	T14	14998
1	26885	True	5	50	0	4	2	model-26885.graphml	T9	20162
1	26886	True	5	50	0	4	2	model-26886.graphml	T9	44214
1	26887	True	5	50	0	4	2	model-26887.graphml	T19	26982
1	26889	True	5	50	0	4	2	model-26889.graphml	T9	19037
1	26890	True	5	50	0	4	2	model-26890.graphml	T14	95911
1	26895	True	5	60	0	4	2	model-26895.graphml	T14	94745
1	26898	True	5	60	0	4	2	model-26898.graphml	T9	12985
1	26899	True	5	60	0	4	2	model-26899.graphml	T14	47620
1	26909	True	5	70	0	4	2	model-26909.graphml	T9	36353
2	26951	True	5	50	0	4	2	model-26951.graphml	T4	9366
2	26952	True	5	50	0	4	2	model-26952.graphml	T14	14061
2	26954	True	5	50	0	4	2	model-26954.graphml	T4	15845
2	26955	True	5	50	0	4	2	model-26955.graphml	T10	7266
2	26956	True	5	50	0	4	2	model-26956.graphml	T4	41936
2	26958	True	5	50	0	4	2	model-26958.graphml	T5	33773
2	26959	True	5	50	0	4	2	model-26959.graphml	T10	6369
2	26960	True	5	50	0	4	2	model-26960.graphml	T14	28230
2	26961	True	5	60	0	4	2	model-26961.graphml	T5	62885
2	26965	True	5	60	0	4	2	model-26965.graphml	T14	40381
2	26967	True	5	60	0	4	2	model-26967.graphml	T10	60564
2	26968	True	5	60	0	4	2	model-26968.graphml	T14	53280
2	26971	True	5	70	0	4	2	model-26971.graphml	T5	64632
3	27021	True	5	50	0	4	2	model-27021.graphml	T18	25930
3	27022	True	5	50	0	4	2	model-27022.graphml	T10	168199
3	27023	True	5	50	0	4	2	model-27023.graphml	T15	9299
3	27024	True	5	50	0	4	2	model-27024.graphml	T10	41036
3	27025	True	5	50	0	4	2	model-27025.graphml	T15	40211
3	27027	True	5	50	0	4	2	model-27027.graphml	T7	45250
3	27028	True	5	50	0	4	2	model-27028.graphml	T10	17671
3	27029	True	5	50	0	4	2	model-27029.graphml	T18	38320
3	27030	True	5	50	0	4	2	model-27030.graphml	T4	18284
3	27039	True	5	60	0	4	2	model-27039.graphml	T21	25925
3	27040	True	5	60	0	4	2	model-27040.graphml	T7	95807
1	27091	True	5	50	1	4	0	model-27091.graphml	T14	41667
1	27092	True	5	50	1	4	0	model-27092.graphml	T19	36207
1	27093	True	5	50	1	4	0	model-27093.graphml	T19	57821
1	27095	True	5	50	1	4	0	model-27095.graphml	T14	9560
1	27096	True	5	50	1	4	0	model-27096.graphml	T4	45262
1	27097	True	5	50	1	4	0	model-27097.graphml	T19	22818
1	27098	True	5	50	1	4	0	model-27098.graphml	T19	34282
1	27099	True	5	50	1	4	0	model-27099.graphml	T9	46610
1	27100	True	5	50	1	4	0	model-27100.graphml	T4	47796
1	27102	True	5	60	1	4	0	model-27102.graphml	T14	74010
1	27103	True	5	60	1	4	0	model-27103.graphml	T14	41595
1	27104	True	5	60	1	4	0	model-27104.graphml	T4	15538
1	27106	True	5	60	1	4	0	model-27106.graphml	T14	105250
1	27107	True	5	60	1	4	0	model-27107.graphml	T19	53064
1	27108	True	5	60	1	4	0	model-27108.graphml	T19	76318
1	27117	True	5	70	1	4	0	model-27117.graphml	T4	4935
2	27163	True	5	50	1	4	0	model-27163.graphml	T10	40309
2	27164	True	5	50	1	4	0	model-27164.graphml	T13	87130
2	27166	True	5	50	1	4	0	model-27166.graphml	T4	7211
2	27167	True	5	50	1	4	0	model-27167.graphml	T5	22839
2	27168	True	5	50	1	4	0	model-27168.graphml	T5	70422
2	27170	True	5	50	1	4	0	model-27170.graphml	T4	3618
2	27174	True	5	60	1	4	0	model-27174.graphml	T4	110188
2	27175	True	5	60	1	4	0	model-27175.graphml	T13	42547
2	27180	True	5	60	1	4	0	model-27180.graphml	T10	17850
2	27206	True	5	90	1	4	0	model-27206.graphml	T5	96531
3	27231	True	5	50	1	4	0	model-27231.graphml	T13	18148
3	27232	True	5	50	1	4	0	model-27232.graphml	T19	87516
3	27234	True	5	50	1	4	0	model-27234.graphml	T6	23751
3	27238	True	5	50	1	4	0	model-27238.graphml	T19	163867
3	27240	True	5	50	1	4	0	model-27240.graphml	T6	24761
3	27241	True	5	60	1	4	0	model-27241.graphml	T6	34558
3	27242	True	5	60	1	4	0	model-27242.graphml	T6	73423
3	27260	True	5	70	1	4	0	model-27260.graphml	T6	45930
3	27266	True	5	80	1	4	0	model-27266.graphml	T16	37661
1	27301	True	5	50	1	4	1	model-27301.graphml	T9	26619
1	27302	True	5	50	1	4	1	model-27302.graphml	T4	7637
1	27303	True	5	50	1	4	1	model-27303.graphml	T9	22005
1	27304	True	5	50	1	4	1	model-27304.graphml	T9	5127
1	27306	True	5	50	1	4	1	model-27306.graphml	T14	35545
1	27307	True	5	50	1	4	1	model-27307.graphml	T9	20555
1	27308	True	5	50	1	4	1	model-27308.graphml	T4	9773
1	27309	True	5	50	1	4	1	model-27309.graphml	T9	12632
1	27310	True	5	50	1	4	1	model-27310.graphml	T14	7369
1	27316	True	5	60	1	4	1	model-27316.graphml	T4	9596
1	27317	True	5	60	1	4	1	model-27317.graphml	T4	19562
1	27318	True	5	60	1	4	1	model-27318.graphml	T19	17944
1	27319	True	5	60	1	4	1	model-27319.graphml	T9	10287
1	27322	True	5	70	1	4	1	model-27322.graphml	T14	46879
1	27330	True	5	70	1	4	1	model-27330.graphml	T4	95111
2	27375	True	5	50	1	4	1	model-27375.graphml	T12	23713
2	27378	True	5	50	1	4	1	model-27378.graphml	T4	17692
2	27380	True	5	50	1	4	1	model-27380.graphml	T12	39291
2	27385	True	5	60	1	4	1	model-27385.graphml	T5	15668
2	27389	True	5	60	1	4	1	model-27389.graphml	T10	89781
2	27399	True	5	70	1	4	1	model-27399.graphml	T12	65186
2	27430	True	5	95	1	4	1	model-27430.graphml	T5	28808
3	27449	True	5	50	1	4	1	model-27449.graphml	T8	74710
3	27455	True	5	60	1	4	1	model-27455.graphml	T8	10893
3	27459	True	5	60	1	4	1	model-27459.graphml	T13	158714
3	27462	True	5	70	1	4	1	model-27462.graphml	T21	22629
3	27463	True	5	70	1	4	1	model-27463.graphml	T17	90982
3	27470	True	5	70	1	4	1	model-27470.graphml	T17	112108
3	27477	True	5	80	1	4	1	model-27477.graphml	T21	364085
1	27511	True	5	50	1	4	2	model-27511.graphml	T4	9960
1	27512	True	5	50	1	4	2	model-27512.graphml	T14	18128
1	27513	True	5	50	1	4	2	model-27513.graphml	T9	21679
1	27514	True	5	50	1	4	2	model-27514.graphml	T4	21302
1	27515	True	5	50	1	4	2	model-27515.graphml	T9	20777
1	27516	True	5	50	1	4	2	model-27516.graphml	T19	63224
1	27518	True	5	50	1	4	2	model-27518.graphml	T14	41122
1	27519	True	5	50	1	4	2	model-27519.graphml	T9	4715
1	27520	True	5	50	1	4	2	model-27520.graphml	T9	43837
1	27522	True	5	60	1	4	2	model-27522.graphml	T14	4687
1	27525	True	5	60	1	4	2	model-27525.graphml	T4	8089
1	27526	True	5	60	1	4	2	model-27526.graphml	T19	5975
1	27527	True	5	60	1	4	2	model-27527.graphml	T4	9411
1	27529	True	5	60	1	4	2	model-27529.graphml	T9	81776
2	27581	True	5	50	1	4	2	model-27581.graphml	T12	11003
2	27582	True	5	50	1	4	2	model-27582.graphml	T4	22708
2	27583	True	5	50	1	4	2	model-27583.graphml	T4	87426
2	27584	True	5	50	1	4	2	model-27584.graphml	T12	49801
2	27585	True	5	50	1	4	2	model-27585.graphml	T16	11096
2	27586	True	5	50	1	4	2	model-27586.graphml	T4	5605
2	27587	True	5	50	1	4	2	model-27587.graphml	T16	9765
2	27588	True	5	50	1	4	2	model-27588.graphml	T4	5647
2	27590	True	5	50	1	4	2	model-27590.graphml	T16	38781
2	27595	True	5	60	1	4	2	model-27595.graphml	T4	23088
2	27599	True	5	60	1	4	2	model-27599.graphml	T4	16830
2	27600	True	5	60	1	4	2	model-27600.graphml	T7	5563
3	27651	True	5	50	1	4	2	model-27651.graphml	T15	9315
3	27653	True	5	50	1	4	2	model-27653.graphml	T13	160445
3	27658	True	5	50	1	4	2	model-27658.graphml	T13	15423
3	27660	True	5	50	1	4	2	model-27660.graphml	T6	15785
3	27662	True	5	60	1	4	2	model-27662.graphml	T15	34312
3	27663	True	5	60	1	4	2	model-27663.graphml	T8	10444
3	27667	True	5	60	1	4	2	model-27667.graphml	T13	27226
3	27673	True	5	70	1	4	2	model-27673.graphml	T15	26106
3	27682	True	5	80	1	4	2	model-27682.graphml	T14	36227
1	27721	True	5	50	2	4	0	model-27721.graphml	T14	5475
1	27722	True	5	50	2	4	0	model-27722.graphml	T19	33372
1	27723	True	5	50	2	4	0	model-27723.graphml	T4	85844
1	27724	True	5	50	2	4	0	model-27724.graphml	T9	5920
1	27725	True	5	50	2	4	0	model-27725.graphml	T19	33182
1	27726	True	5	50	2	4	0	model-27726.graphml	T4	33884
1	27727	True	5	50	2	4	0	model-27727.graphml	T9	12986
1	27728	True	5	50	2	4	0	model-27728.graphml	T14	5475
1	27729	True	5	50	2	4	0	model-27729.graphml	T9	5920
1	27730	True	5	50	2	4	0	model-27730.graphml	T9	33277
1	27731	True	5	60	2	4	0	model-27731.graphml	T19	270416
1	27732	True	5	60	2	4	0	model-27732.graphml	T9	22197
1	27733	True	5	60	2	4	0	model-27733.graphml	T19	263477
1	27734	True	5	60	2	4	0	model-27734.graphml	T14	56623
1	27735	True	5	60	2	4	0	model-27735.graphml	T14	272454
1	27736	True	5	60	2	4	0	model-27736.graphml	T19	5885
1	27737	True	5	60	2	4	0	model-27737.graphml	T9	20491
1	27738	True	5	60	2	4	0	model-27738.graphml	T9	7105
1	27739	True	5	60	2	4	0	model-27739.graphml	T14	20358
1	27740	True	5	60	2	4	0	model-27740.graphml	T9	7105
2	27791	True	5	50	2	4	0	model-27791.graphml	T6	26642
2	27794	True	5	50	2	4	0	model-27794.graphml	T4	217834
2	27796	True	5	50	2	4	0	model-27796.graphml	T11	8254
2	27797	True	5	50	2	4	0	model-27797.graphml	T4	9435
2	27798	True	5	50	2	4	0	model-27798.graphml	T12	6576
2	27800	True	5	50	2	4	0	model-27800.graphml	T6	97360
2	27809	True	5	60	2	4	0	model-27809.graphml	T12	56344
2	27810	True	5	60	2	4	0	model-27810.graphml	T11	50503
2	27814	True	5	70	2	4	0	model-27814.graphml	T11	31941
3	27863	True	5	50	2	4	0	model-27863.graphml	T8	36101
3	27866	True	5	50	2	4	0	model-27866.graphml	T17	10575
3	27868	True	5	50	2	4	0	model-27868.graphml	T4	8042
3	27870	True	5	50	2	4	0	model-27870.graphml	T15	14612
3	27875	True	5	60	2	4	0	model-27875.graphml	T6	10643
3	27879	True	5	60	2	4	0	model-27879.graphml	T6	9025
3	27889	True	5	70	2	4	0	model-27889.graphml	T15	30652
3	27891	True	5	80	2	4	0	model-27891.graphml	T13	20333
3	27892	True	5	80	2	4	0	model-27892.graphml	T6	6830
3	27894	True	5	80	2	4	0	model-27894.graphml	T15	47632
3	27897	True	5	80	2	4	0	model-27897.graphml	T4	77570
1	27931	True	5	50	2	4	1	model-27931.graphml	T9	19606
1	27932	True	5	50	2	4	1	model-27932.graphml	T9	19266
1	27933	True	5	50	2	4	1	model-27933.graphml	T9	20931
1	27934	True	5	50	2	4	1	model-27934.graphml	T19	19499
1	27935	True	5	50	2	4	1	model-27935.graphml	T9	19266
1	27936	True	5	50	2	4	1	model-27936.graphml	T9	53758
1	27937	True	5	50	2	4	1	model-27937.graphml	T19	3945
1	27938	True	5	50	2	4	1	model-27938.graphml	T19	52273
1	27939	True	5	50	2	4	1	model-27939.graphml	T4	18455
1	27940	True	5	50	2	4	1	model-27940.graphml	T14	17766
1	27941	True	5	60	2	4	1	model-27941.graphml	T19	11310
1	27943	True	5	60	2	4	1	model-27943.graphml	T9	2485
1	27944	True	5	60	2	4	1	model-27944.graphml	T9	39269
1	27947	True	5	60	2	4	1	model-27947.graphml	T14	13466
1	27948	True	5	60	2	4	1	model-27948.graphml	T4	9568
1	27949	True	5	60	2	4	1	model-27949.graphml	T9	2485
1	27950	True	5	60	2	4	1	model-27950.graphml	T4	36815
2	28001	True	5	50	2	4	1	model-28001.graphml	T11	29383
2	28002	True	5	50	2	4	1	model-28002.graphml	T11	41796
2	28003	True	5	50	2	4	1	model-28003.graphml	T11	76490
2	28004	True	5	50	2	4	1	model-28004.graphml	T6	156221
2	28005	True	5	50	2	4	1	model-28005.graphml	T13	45773
2	28007	True	5	50	2	4	1	model-28007.graphml	T11	39786
2	28009	True	5	50	2	4	1	model-28009.graphml	T4	102074
2	28012	True	5	60	2	4	1	model-28012.graphml	T13	265775
2	28016	True	5	60	2	4	1	model-28016.graphml	T11	52825
2	28017	True	5	60	2	4	1	model-28017.graphml	T11	23115
2	28020	True	5	60	2	4	1	model-28020.graphml	T4	114318
2	28022	True	5	70	2	4	1	model-28022.graphml	T13	91623
2	28024	True	5	70	2	4	1	model-28024.graphml	T13	97794
2	28032	True	5	80	2	4	1	model-28032.graphml	T6	91603
2	28052	True	5	95	2	4	1	model-28052.graphml	T6	118445
3	28071	True	5	50	2	4	1	model-28071.graphml	T23	27067
3	28075	True	5	50	2	4	1	model-28075.graphml	T23	7807
3	28076	True	5	50	2	4	1	model-28076.graphml	T10	17422
3	28077	True	5	50	2	4	1	model-28077.graphml	T10	60964
3	28079	True	5	50	2	4	1	model-28079.graphml	T4	42100
3	28082	True	5	60	2	4	1	model-28082.graphml	T4	64805
3	28084	True	5	60	2	4	1	model-28084.graphml	T10	39735
3	28086	True	5	60	2	4	1	model-28086.graphml	T7	64285
3	28108	True	5	80	2	4	1	model-28108.graphml	T19	21156
1	28141	True	5	50	2	4	2	model-28141.graphml	T9	50547
1	28142	True	5	50	2	4	2	model-28142.graphml	T9	50547
1	28143	True	5	50	2	4	2	model-28143.graphml	T14	16754
1	28144	True	5	50	2	4	2	model-28144.graphml	T9	4660
1	28145	True	5	50	2	4	2	model-28145.graphml	T4	3745
1	28146	True	5	50	2	4	2	model-28146.graphml	T14	915
1	28147	True	5	50	2	4	2	model-28147.graphml	T14	53632
1	28148	True	5	50	2	4	2	model-28148.graphml	T14	915
1	28149	True	5	50	2	4	2	model-28149.graphml	T9	17473
1	28150	True	5	50	2	4	2	model-28150.graphml	T9	15572
1	28151	True	5	60	2	4	2	model-28151.graphml	T4	4495
1	28152	True	5	60	2	4	2	model-28152.graphml	T9	28937
1	28153	True	5	60	2	4	2	model-28153.graphml	T19	14359
1	28154	True	5	60	2	4	2	model-28154.graphml	T9	33279
1	28155	True	5	60	2	4	2	model-28155.graphml	T4	35556
1	28156	True	5	60	2	4	2	model-28156.graphml	T9	140040
1	28157	True	5	60	2	4	2	model-28157.graphml	T4	12791
1	28158	True	5	60	2	4	2	model-28158.graphml	T14	10343
1	28159	True	5	60	2	4	2	model-28159.graphml	T19	135801
1	28160	True	5	60	2	4	2	model-28160.graphml	T4	127981
2	28211	True	5	50	2	4	2	model-28211.graphml	T15	37680
2	28214	True	5	50	2	4	2	model-28214.graphml	T15	21699
2	28215	True	5	50	2	4	2	model-28215.graphml	T7	22196
2	28216	True	5	50	2	4	2	model-28216.graphml	T7	25513
2	28218	True	5	50	2	4	2	model-28218.graphml	T15	105488
2	28219	True	5	50	2	4	2	model-28219.graphml	T12	95910
2	28220	True	5	50	2	4	2	model-28220.graphml	T7	17969
2	28221	True	5	60	2	4	2	model-28221.graphml	T7	10910
2	28222	True	5	60	2	4	2	model-28222.graphml	T15	64754
2	28224	True	5	60	2	4	2	model-28224.graphml	T12	5076
3	28281	True	5	50	2	4	2	model-28281.graphml	T17	239754
3	28282	True	5	50	2	4	2	model-28282.graphml	T17	10336
3	28284	True	5	50	2	4	2	model-28284.graphml	T17	86191
3	28286	True	5	50	2	4	2	model-28286.graphml	T12	60943
3	28287	True	5	50	2	4	2	model-28287.graphml	T20	79385
3	28288	True	5	50	2	4	2	model-28288.graphml	T23	7158
3	28290	True	5	50	2	4	2	model-28290.graphml	T20	13522
3	28292	True	5	60	2	4	2	model-28292.graphml	T12	37331
3	28293	True	5	60	2	4	2	model-28293.graphml	T17	5538
3	28294	True	5	60	2	4	2	model-28294.graphml	T23	43531
3	28300	True	5	60	2	4	2	model-28300.graphml	T23	123031
3	28306	True	5	70	2	4	2	model-28306.graphml	T8	133528
3	28307	True	5	70	2	4	2	model-28307.graphml	T20	123186
3	28308	True	5	70	2	4	2	model-28308.graphml	T8	59632
3	28309	True	5	70	2	4	2	model-28309.graphml	T20	282475
1	28353	True	5	50	0	8	0	model-28353.graphml	T14	36729
1	28354	True	5	50	0	8	0	model-28354.graphml	T9	17963
1	28355	True	5	50	0	8	0	model-28355.graphml	T29	42396
1	28357	True	5	50	0	8	0	model-28357.graphml	T24	26951
1	28358	True	5	50	0	8	0	model-28358.graphml	T14	13198
1	28360	True	5	50	0	8	0	model-28360.graphml	T34	6584
1	28368	True	5	60	0	8	0	model-28368.graphml	T4	96721
2	28421	True	5	50	0	8	0	model-28421.graphml	T23	17696
2	28423	True	5	50	0	8	0	model-28423.graphml	T4	17365
2	28425	True	5	50	0	8	0	model-28425.graphml	T4	18256
2	28426	True	5	50	0	8	0	model-28426.graphml	T7	11662
2	28427	True	5	50	0	8	0	model-28427.graphml	T20	18542
2	28428	True	5	50	0	8	0	model-28428.graphml	T23	14477
2	28430	True	5	50	0	8	0	model-28430.graphml	T29	31183
3	28493	True	5	50	0	8	0	model-28493.graphml	T24	30782
3	28495	True	5	50	0	8	0	model-28495.graphml	T10	34262
3	28496	True	5	50	0	8	0	model-28496.graphml	T15	37588
1	28561	True	5	50	0	8	1	model-28561.graphml	T39	37547
1	28562	True	5	50	0	8	1	model-28562.graphml	T9	19733
1	28564	True	5	50	0	8	1	model-28564.graphml	T14	36652
1	28565	True	5	50	0	8	1	model-28565.graphml	T9	33836
1	28566	True	5	50	0	8	1	model-28566.graphml	T4	25696
1	28568	True	5	50	0	8	1	model-28568.graphml	T9	30631
1	28569	True	5	50	0	8	1	model-28569.graphml	T19	25337
1	28570	True	5	50	0	8	1	model-28570.graphml	T34	18130
2	28631	True	5	50	0	8	1	model-28631.graphml	T19	28912
2	28633	True	5	50	0	8	1	model-28633.graphml	T24	28586
2	28635	True	5	50	0	8	1	model-28635.graphml	T24	47022
2	28639	True	5	50	0	8	1	model-28639.graphml	T26	19598
3	28704	True	5	50	0	8	1	model-28704.graphml	T4	54647
3	28705	True	5	50	0	8	1	model-28705.graphml	T27	32597
3	28707	True	5	50	0	8	1	model-28707.graphml	T21	89563
3	28708	True	5	50	0	8	1	model-28708.graphml	T15	44948
3	28709	True	5	50	0	8	1	model-28709.graphml	T4	13912
3	28710	True	5	50	0	8	1	model-28710.graphml	T28	23326
3	28716	True	5	60	0	8	1	model-28716.graphml	T27	29646
1	28772	True	5	50	0	8	2	model-28772.graphml	T24	29827
1	28774	True	5	50	0	8	2	model-28774.graphml	T29	25688
1	28776	True	5	50	0	8	2	model-28776.graphml	T9	34827
1	28777	True	5	50	0	8	2	model-28777.graphml	T4	17724
1	28778	True	5	50	0	8	2	model-28778.graphml	T34	26706
1	28780	True	5	50	0	8	2	model-28780.graphml	T29	47947
1	28783	True	5	60	0	8	2	model-28783.graphml	T9	35294
1	28785	True	5	60	0	8	2	model-28785.graphml	T24	48051
1	28787	True	5	60	0	8	2	model-28787.graphml	T14	38826
2	28843	True	5	50	0	8	2	model-28843.graphml	T19	18992
2	28844	True	5	50	0	8	2	model-28844.graphml	T20	7835
2	28845	True	5	50	0	8	2	model-28845.graphml	T19	29677
2	28846	True	5	50	0	8	2	model-28846.graphml	T20	24488
2	28847	True	5	50	0	8	2	model-28847.graphml	T6	18679
2	28848	True	5	50	0	8	2	model-28848.graphml	T14	24673
2	28851	True	5	60	0	8	2	model-28851.graphml	T28	29086
2	28859	True	5	60	0	8	2	model-28859.graphml	T19	50903
3	28911	True	5	50	0	8	2	model-28911.graphml	T19	87087
3	28912	True	5	50	0	8	2	model-28912.graphml	T26	37832
3	28914	True	5	50	0	8	2	model-28914.graphml	T8	33503
3	28916	True	5	50	0	8	2	model-28916.graphml	T18	20697
3	28917	True	5	50	0	8	2	model-28917.graphml	T26	17264
3	28928	True	5	60	0	8	2	model-28928.graphml	T26	41197
3	28930	True	5	60	0	8	2	model-28930.graphml	T19	15916
1	28981	True	5	50	1	8	0	model-28981.graphml	T14	25535
1	28982	True	5	50	1	8	0	model-28982.graphml	T4	36698
1	28983	True	5	50	1	8	0	model-28983.graphml	T19	11146
1	28984	True	5	50	1	8	0	model-28984.graphml	T4	42368
1	28985	True	5	50	1	8	0	model-28985.graphml	T4	15788
1	28986	True	5	50	1	8	0	model-28986.graphml	T24	18865
1	28987	True	5	50	1	8	0	model-28987.graphml	T19	22124
1	28989	True	5	50	1	8	0	model-28989.graphml	T39	7823
1	28990	True	5	50	1	8	0	model-28990.graphml	T14	4455
1	28994	True	5	60	1	8	0	model-28994.graphml	T34	3915
1	28996	True	5	60	1	8	0	model-28996.graphml	T19	85948
1	28998	True	5	60	1	8	0	model-28998.graphml	T4	24422
1	28999	True	5	60	1	8	0	model-28999.graphml	T9	22309
1	29004	True	5	70	1	8	0	model-29004.graphml	T14	7975
2	29051	True	5	50	1	8	0	model-29051.graphml	T13	27537
2	29052	True	5	50	1	8	0	model-29052.graphml	T26	20122
2	29053	True	5	50	1	8	0	model-29053.graphml	T27	28011
2	29054	True	5	50	1	8	0	model-29054.graphml	T4	122278
2	29055	True	5	50	1	8	0	model-29055.graphml	T14	29868
2	29056	True	5	50	1	8	0	model-29056.graphml	T13	7494
2	29057	True	5	50	1	8	0	model-29057.graphml	T26	11275
2	29058	True	5	50	1	8	0	model-29058.graphml	T13	19245
2	29059	True	5	50	1	8	0	model-29059.graphml	T21	21670
2	29060	True	5	50	1	8	0	model-29060.graphml	T13	13881
2	29061	True	5	60	1	8	0	model-29061.graphml	T26	20783
2	29067	True	5	60	1	8	0	model-29067.graphml	T8	41926
2	29071	True	5	70	1	8	0	model-29071.graphml	T8	24898
2	29078	True	5	70	1	8	0	model-29078.graphml	T8	74272
3	29121	True	5	50	1	8	0	model-29121.graphml	T26	19221
3	29122	True	5	50	1	8	0	model-29122.graphml	T19	38596
3	29125	True	5	50	1	8	0	model-29125.graphml	T19	27537
3	29126	True	5	50	1	8	0	model-29126.graphml	T15	34137
3	29127	True	5	50	1	8	0	model-29127.graphml	T26	18823
3	29130	True	5	50	1	8	0	model-29130.graphml	T15	107661
3	29133	True	5	60	1	8	0	model-29133.graphml	T25	41692
3	29136	True	5	60	1	8	0	model-29136.graphml	T7	10613
3	29146	True	5	70	1	8	0	model-29146.graphml	T7	54455
1	29191	True	5	50	1	8	1	model-29191.graphml	T29	29851
1	29192	True	5	50	1	8	1	model-29192.graphml	T4	77646
1	29193	True	5	50	1	8	1	model-29193.graphml	T9	68107
1	29194	True	5	50	1	8	1	model-29194.graphml	T34	9270
1	29195	True	5	50	1	8	1	model-29195.graphml	T29	69344
1	29196	True	5	50	1	8	1	model-29196.graphml	T24	24400
1	29197	True	5	50	1	8	1	model-29197.graphml	T24	26186
1	29198	True	5	50	1	8	1	model-29198.graphml	T9	38788
1	29199	True	5	50	1	8	1	model-29199.graphml	T14	13056
1	29200	True	5	50	1	8	1	model-29200.graphml	T29	1284
1	29203	True	5	60	1	8	1	model-29203.graphml	T9	33700
1	29209	True	5	60	1	8	1	model-29209.graphml	T24	5814
1	29210	True	5	60	1	8	1	model-29210.graphml	T29	12091
1	29214	True	5	70	1	8	1	model-29214.graphml	T29	38496
1	29220	True	5	70	1	8	1	model-29220.graphml	T29	33002
2	29262	True	5	50	1	8	1	model-29262.graphml	T27	34662
2	29263	True	5	50	1	8	1	model-29263.graphml	T11	16729
2	29264	True	5	50	1	8	1	model-29264.graphml	T16	24069
2	29265	True	5	50	1	8	1	model-29265.graphml	T5	54123
2	29266	True	5	50	1	8	1	model-29266.graphml	T16	42849
2	29267	True	5	50	1	8	1	model-29267.graphml	T16	89615
2	29269	True	5	50	1	8	1	model-29269.graphml	T4	24888
2	29270	True	5	50	1	8	1	model-29270.graphml	T27	5202
2	29272	True	5	60	1	8	1	model-29272.graphml	T11	1460
2	29274	True	5	60	1	8	1	model-29274.graphml	T27	141355
2	29277	True	5	60	1	8	1	model-29277.graphml	T11	8235
2	29280	True	5	60	1	8	1	model-29280.graphml	T5	17549
3	29332	True	5	50	1	8	1	model-29332.graphml	T26	32539
3	29333	True	5	50	1	8	1	model-29333.graphml	T20	2111
3	29336	True	5	50	1	8	1	model-29336.graphml	T15	47887
3	29337	True	5	50	1	8	1	model-29337.graphml	T5	26064
3	29338	True	5	50	1	8	1	model-29338.graphml	T13	5528
3	29347	True	5	60	1	8	1	model-29347.graphml	T11	29796
1	29401	True	5	50	1	8	2	model-29401.graphml	T4	32588
1	29402	True	5	50	1	8	2	model-29402.graphml	T39	19500
1	29403	True	5	50	1	8	2	model-29403.graphml	T24	13001
1	29404	True	5	50	1	8	2	model-29404.graphml	T34	60632
1	29405	True	5	50	1	8	2	model-29405.graphml	T39	21542
1	29406	True	5	50	1	8	2	model-29406.graphml	T24	17180
1	29407	True	5	50	1	8	2	model-29407.graphml	T19	50397
1	29408	True	5	50	1	8	2	model-29408.graphml	T29	31714
1	29409	True	5	50	1	8	2	model-29409.graphml	T4	68371
1	29410	True	5	50	1	8	2	model-29410.graphml	T29	20668
1	29413	True	5	60	1	8	2	model-29413.graphml	T9	1590
1	29414	True	5	60	1	8	2	model-29414.graphml	T14	129373
1	29415	True	5	60	1	8	2	model-29415.graphml	T29	5032
1	29417	True	5	60	1	8	2	model-29417.graphml	T4	22240
1	29418	True	5	60	1	8	2	model-29418.graphml	T4	15536
1	29419	True	5	60	1	8	2	model-29419.graphml	T19	128969
1	29420	True	5	60	1	8	2	model-29420.graphml	T39	66547
1	29423	True	5	70	1	8	2	model-29423.graphml	T24	6046
1	29426	True	5	70	1	8	2	model-29426.graphml	T14	19237
2	29472	True	5	50	1	8	2	model-29472.graphml	T32	8887
2	29474	True	5	50	1	8	2	model-29474.graphml	T24	15384
2	29475	True	5	50	1	8	2	model-29475.graphml	T20	16204
2	29477	True	5	50	1	8	2	model-29477.graphml	T6	49643
2	29479	True	5	50	1	8	2	model-29479.graphml	T29	16235
2	29480	True	5	50	1	8	2	model-29480.graphml	T29	2622
2	29481	True	5	60	1	8	2	model-29481.graphml	T4	36331
2	29485	True	5	60	1	8	2	model-29485.graphml	T15	29245
2	29487	True	5	60	1	8	2	model-29487.graphml	T20	5290
2	29488	True	5	60	1	8	2	model-29488.graphml	T32	42545
2	29489	True	5	60	1	8	2	model-29489.graphml	T11	70651
3	29541	True	5	50	1	8	2	model-29541.graphml	T6	21038
3	29542	True	5	50	1	8	2	model-29542.graphml	T18	24432
3	29543	True	5	50	1	8	2	model-29543.graphml	T26	34491
3	29544	True	5	50	1	8	2	model-29544.graphml	T13	217695
3	29548	True	5	50	1	8	2	model-29548.graphml	T26	40357
3	29549	True	5	50	1	8	2	model-29549.graphml	T5	41611
3	29550	True	5	50	1	8	2	model-29550.graphml	T26	4594
3	29553	True	5	60	1	8	2	model-29553.graphml	T6	5720
1	29611	True	5	50	2	8	0	model-29611.graphml	T39	8456
1	29612	True	5	50	2	8	0	model-29612.graphml	T9	5710
1	29613	True	5	50	2	8	0	model-29613.graphml	T39	45744
1	29614	True	5	50	2	8	0	model-29614.graphml	T29	18014
1	29615	True	5	50	2	8	0	model-29615.graphml	T24	47141
1	29616	True	5	50	2	8	0	model-29616.graphml	T39	16107
1	29617	True	5	50	2	8	0	model-29617.graphml	T24	33721
1	29618	True	5	50	2	8	0	model-29618.graphml	T9	3040
1	29619	True	5	50	2	8	0	model-29619.graphml	T4	4110
1	29620	True	5	50	2	8	0	model-29620.graphml	T19	34242
1	29622	True	5	60	2	8	0	model-29622.graphml	T29	53751
1	29623	True	5	60	2	8	0	model-29623.graphml	T14	2595
1	29624	True	5	60	2	8	0	model-29624.graphml	T29	20890
1	29625	True	5	60	2	8	0	model-29625.graphml	T4	34312
1	29628	True	5	60	2	8	0	model-29628.graphml	T24	3585
1	29629	True	5	60	2	8	0	model-29629.graphml	T4	52793
1	29630	True	5	60	2	8	0	model-29630.graphml	T14	109973
1	29638	True	5	70	2	8	0	model-29638.graphml	T39	13608
1	29639	True	5	70	2	8	0	model-29639.graphml	T29	1405
2	29681	True	5	50	2	8	0	model-29681.graphml	T24	3459
2	29683	True	5	50	2	8	0	model-29683.graphml	T13	29804
2	29684	True	5	50	2	8	0	model-29684.graphml	T28	21283
2	29685	True	5	50	2	8	0	model-29685.graphml	T19	49046
2	29687	True	5	50	2	8	0	model-29687.graphml	T28	55083
2	29688	True	5	50	2	8	0	model-29688.graphml	T4	16864
2	29689	True	5	50	2	8	0	model-29689.graphml	T11	76218
2	29690	True	5	50	2	8	0	model-29690.graphml	T28	39070
2	29692	True	5	60	2	8	0	model-29692.graphml	T11	54326
2	29695	True	5	60	2	8	0	model-29695.graphml	T18	76689
2	29697	True	5	60	2	8	0	model-29697.graphml	T18	47516
2	29701	True	5	70	2	8	0	model-29701.graphml	T13	47020
2	29702	True	5	70	2	8	0	model-29702.graphml	T28	54439
2	29720	True	5	80	2	8	0	model-29720.graphml	T6	11630
3	29752	True	5	50	2	8	0	model-29752.graphml	T8	16854
3	29754	True	5	50	2	8	0	model-29754.graphml	T21	30053
3	29756	True	5	50	2	8	0	model-29756.graphml	T8	23966
3	29757	True	5	50	2	8	0	model-29757.graphml	T20	60103
3	29758	True	5	50	2	8	0	model-29758.graphml	T22	60369
3	29759	True	5	50	2	8	0	model-29759.graphml	T8	146233
3	29766	True	5	60	2	8	0	model-29766.graphml	T14	17150
3	29767	True	5	60	2	8	0	model-29767.graphml	T8	161172
3	29768	True	5	60	2	8	0	model-29768.graphml	T13	76492
3	29769	True	5	60	2	8	0	model-29769.graphml	T8	21648
1	29821	True	5	50	2	8	1	model-29821.graphml	T14	9546
1	29822	True	5	50	2	8	1	model-29822.graphml	T19	14075
1	29823	True	5	50	2	8	1	model-29823.graphml	T24	16041
1	29824	True	5	50	2	8	1	model-29824.graphml	T9	5510
1	29825	True	5	50	2	8	1	model-29825.graphml	T24	36901
1	29826	True	5	50	2	8	1	model-29826.graphml	T34	3230
1	29827	True	5	50	2	8	1	model-29827.graphml	T4	3040
1	29828	True	5	50	2	8	1	model-29828.graphml	T24	11918
1	29829	True	5	50	2	8	1	model-29829.graphml	T4	38924
1	29830	True	5	50	2	8	1	model-29830.graphml	T34	14211
1	29831	True	5	60	2	8	1	model-29831.graphml	T34	6670
1	29833	True	5	60	2	8	1	model-29833.graphml	T29	12225
1	29834	True	5	60	2	8	1	model-29834.graphml	T9	2390
1	29836	True	5	60	2	8	1	model-29836.graphml	T29	34421
1	29837	True	5	60	2	8	1	model-29837.graphml	T29	14193
1	29838	True	5	60	2	8	1	model-29838.graphml	T4	4712
1	29839	True	5	60	2	8	1	model-29839.graphml	T24	5953
1	29840	True	5	60	2	8	1	model-29840.graphml	T19	41476
1	29842	True	5	70	2	8	1	model-29842.graphml	T14	43799
1	29845	True	5	70	2	8	1	model-29845.graphml	T29	110938
2	29891	True	5	50	2	8	1	model-29891.graphml	T23	30081
2	29892	True	5	50	2	8	1	model-29892.graphml	T14	6151
2	29893	True	5	50	2	8	1	model-29893.graphml	T29	13755
2	29894	True	5	50	2	8	1	model-29894.graphml	T28	11691
2	29898	True	5	50	2	8	1	model-29898.graphml	T13	96397
2	29899	True	5	50	2	8	1	model-29899.graphml	T23	364
2	29905	True	5	60	2	8	1	model-29905.graphml	T29	43577
2	29907	True	5	60	2	8	1	model-29907.graphml	T13	18351
2	29909	True	5	60	2	8	1	model-29909.graphml	T4	84574
3	29961	True	5	50	2	8	1	model-29961.graphml	T26	57569
3	29962	True	5	50	2	8	1	model-29962.graphml	T16	7730
3	29964	True	5	50	2	8	1	model-29964.graphml	T30	24251
3	29966	True	5	50	2	8	1	model-29966.graphml	T26	21577
3	29968	True	5	50	2	8	1	model-29968.graphml	T17	7023
3	29969	True	5	50	2	8	1	model-29969.graphml	T15	11380
3	29987	True	5	70	2	8	1	model-29987.graphml	T26	5401
3	29990	True	5	70	2	8	1	model-29990.graphml	T22	29643
1	30031	True	5	50	2	8	2	model-30031.graphml	T9	1845
1	30032	True	5	50	2	8	2	model-30032.graphml	T9	12910
1	30033	True	5	50	2	8	2	model-30033.graphml	T19	17394
1	30034	True	5	50	2	8	2	model-30034.graphml	T39	6434
1	30035	True	5	50	2	8	2	model-30035.graphml	T19	2190
1	30036	True	5	50	2	8	2	model-30036.graphml	T34	4690
1	30037	True	5	50	2	8	2	model-30037.graphml	T29	49570
1	30038	True	5	50	2	8	2	model-30038.graphml	T39	4690
1	30039	True	5	50	2	8	2	model-30039.graphml	T24	10327
1	30040	True	5	50	2	8	2	model-30040.graphml	T9	12280
1	30041	True	5	60	2	8	2	model-30041.graphml	T14	37078
1	30042	True	5	60	2	8	2	model-30042.graphml	T9	33267
1	30043	True	5	60	2	8	2	model-30043.graphml	T39	5180
1	30044	True	5	60	2	8	2	model-30044.graphml	T34	117105
1	30045	True	5	60	2	8	2	model-30045.graphml	T9	16602
1	30046	True	5	60	2	8	2	model-30046.graphml	T34	58465
1	30047	True	5	60	2	8	2	model-30047.graphml	T29	58025
1	30048	True	5	60	2	8	2	model-30048.graphml	T29	34428
1	30049	True	5	60	2	8	2	model-30049.graphml	T34	7850
1	30050	True	5	60	2	8	2	model-30050.graphml	T14	116267
1	30052	True	5	70	2	8	2	model-30052.graphml	T29	29160
2	30102	True	5	50	2	8	2	model-30102.graphml	T18	53784
2	30105	True	5	50	2	8	2	model-30105.graphml	T7	13376
2	30107	True	5	50	2	8	2	model-30107.graphml	T13	60845
2	30108	True	5	50	2	8	2	model-30108.graphml	T4	8246
2	30113	True	5	60	2	8	2	model-30113.graphml	T12	21127
2	30115	True	5	60	2	8	2	model-30115.graphml	T20	27241
2	30125	True	5	70	2	8	2	model-30125.graphml	T20	41764
3	30172	True	5	50	2	8	2	model-30172.graphml	T15	17901
3	30173	True	5	50	2	8	2	model-30173.graphml	T15	62711
3	30174	True	5	50	2	8	2	model-30174.graphml	T19	18184
3	30175	True	5	50	2	8	2	model-30175.graphml	T4	38655
3	30178	True	5	50	2	8	2	model-30178.graphml	T7	34077
3	30179	True	5	50	2	8	2	model-30179.graphml	T36	5524
3	30180	True	5	50	2	8	2	model-30180.graphml	T32	4181
3	30182	True	5	60	2	8	2	model-30182.graphml	T4	34214
3	30183	True	5	60	2	8	2	model-30183.graphml	T19	28269
3	30185	True	5	60	2	8	2	model-30185.graphml	T4	33903
3	30186	True	5	60	2	8	2	model-30186.graphml	T10	12845
3	30188	True	5	60	2	8	2	model-30188.graphml	T23	44087
4	34519	True	13	50	2	4	1	model-34519.graphml	T12	73566
4	35498	True	9	50	1	4	0	model-35498.graphml	T20	33675
4	35508	True	9	60	1	4	0	model-35508.graphml	T8	161038
4	35588	True	9	70	1	4	1	model-35588.graphml	T16	6031
4	35633	True	9	50	1	4	2	model-35633.graphml	T8	51696
4	35647	True	9	60	1	4	2	model-35647.graphml	T26	160918
4	35710	True	9	50	2	4	0	model-35710.graphml	T8	35947
4	35773	True	9	50	2	4	1	model-35773.graphml	T8	39010
4	35795	True	9	70	2	4	1	model-35795.graphml	T8	65976
4	35799	True	9	70	2	4	1	model-35799.graphml	T16	17551
4	35842	True	9	50	2	4	2	model-35842.graphml	T16	12367
4	35843	True	9	50	2	4	2	model-35843.graphml	T20	12488
4	35849	True	9	50	2	4	2	model-35849.graphml	T12	10816
4	35853	True	9	60	2	4	2	model-35853.graphml	T20	5544
4	35854	True	9	60	2	4	2	model-35854.graphml	T12	18363
4	35856	True	9	60	2	4	2	model-35856.graphml	T20	13896
4	35857	True	9	60	2	4	2	model-35857.graphml	T20	59372
4	35869	True	9	70	2	4	2	model-35869.graphml	T20	27668
4	36268	True	9	50	1	8	2	model-36268.graphml	T42	59433
4	36335	True	9	50	2	8	0	model-36335.graphml	T23	98199
4	36348	True	9	60	2	8	0	model-36348.graphml	T14	2751
4	36354	True	9	70	2	8	0	model-36354.graphml	T8	13310
4	36424	True	9	70	2	8	1	model-36424.graphml	T26	82603
4	36484	True	9	60	2	8	2	model-36484.graphml	T35	146544
4	36541	True	5	50	0	4	0	model-36541.graphml	T6	12777
4	36542	True	5	50	0	4	0	model-36542.graphml	T4	2340
4	36546	True	5	50	0	4	0	model-36546.graphml	T7	5405
4	36549	True	5	50	0	4	0	model-36549.graphml	T7	3696
4	36553	True	5	60	0	4	0	model-36553.graphml	T5	16805
4	36555	True	5	60	0	4	0	model-36555.graphml	T5	6260
4	36558	True	5	60	0	4	0	model-36558.graphml	T4	27594
4	36559	True	5	60	0	4	0	model-36559.graphml	T4	9196
4	36566	True	5	70	0	4	0	model-36566.graphml	T4	14847
4	36580	True	5	80	0	4	0	model-36580.graphml	T7	24810
4	36586	True	5	90	0	4	0	model-36586.graphml	T7	9733
4	36611	True	5	50	0	4	1	model-36611.graphml	T16	30988
4	36612	True	5	50	0	4	1	model-36612.graphml	T4	81631
4	36613	True	5	50	0	4	1	model-36613.graphml	T16	46598
4	36614	True	5	50	0	4	1	model-36614.graphml	T8	64320
4	36616	True	5	50	0	4	1	model-36616.graphml	T8	12464
4	36617	True	5	50	0	4	1	model-36617.graphml	T12	24809
4	36620	True	5	50	0	4	1	model-36620.graphml	T4	7560
4	36622	True	5	60	0	4	1	model-36622.graphml	T12	90550
4	36625	True	5	60	0	4	1	model-36625.graphml	T8	3000
4	36628	True	5	60	0	4	1	model-36628.graphml	T4	20371
4	36629	True	5	60	0	4	1	model-36629.graphml	T12	38576
4	36636	True	5	70	0	4	1	model-36636.graphml	T8	80156
4	36638	True	5	70	0	4	1	model-36638.graphml	T8	45660
4	36681	True	5	50	0	4	2	model-36681.graphml	T4	108106
4	36682	True	5	50	0	4	2	model-36682.graphml	T12	26977
4	36683	True	5	50	0	4	2	model-36683.graphml	T8	23082
4	36684	True	5	50	0	4	2	model-36684.graphml	T8	42389
4	36686	True	5	50	0	4	2	model-36686.graphml	T4	17944
4	36687	True	5	50	0	4	2	model-36687.graphml	T12	22893
4	36689	True	5	50	0	4	2	model-36689.graphml	T12	16518
4	36690	True	5	50	0	4	2	model-36690.graphml	T12	12126
4	36692	True	5	60	0	4	2	model-36692.graphml	T12	43560
4	36694	True	5	60	0	4	2	model-36694.graphml	T12	10969
4	36705	True	5	70	0	4	2	model-36705.graphml	T4	37884
4	36751	True	5	50	1	4	0	model-36751.graphml	T7	7055
4	36752	True	5	50	1	4	0	model-36752.graphml	T7	10294
4	36754	True	5	50	1	4	0	model-36754.graphml	T10	5700
4	36756	True	5	50	1	4	0	model-36756.graphml	T7	6745
4	36758	True	5	50	1	4	0	model-36758.graphml	T13	18606
4	36759	True	5	50	1	4	0	model-36759.graphml	T4	22828
4	36762	True	5	60	1	4	0	model-36762.graphml	T7	81665
4	36766	True	5	60	1	4	0	model-36766.graphml	T13	3844
4	36767	True	5	60	1	4	0	model-36767.graphml	T13	17206
4	36768	True	5	60	1	4	0	model-36768.graphml	T4	3844
4	36770	True	5	60	1	4	0	model-36770.graphml	T10	11896
4	36775	True	5	70	1	4	0	model-36775.graphml	T10	9202
4	36780	True	5	70	1	4	0	model-36780.graphml	T10	22056
4	36821	True	5	50	1	4	1	model-36821.graphml	T16	16953
4	36823	True	5	50	1	4	1	model-36823.graphml	T4	13510
4	36824	True	5	50	1	4	1	model-36824.graphml	T8	1267
4	36825	True	5	50	1	4	1	model-36825.graphml	T12	10727
4	36826	True	5	50	1	4	1	model-36826.graphml	T8	2716
4	36827	True	5	50	1	4	1	model-36827.graphml	T4	4224
4	36828	True	5	50	1	4	1	model-36828.graphml	T8	14278
4	36829	True	5	50	1	4	1	model-36829.graphml	T8	3184
4	36830	True	5	50	1	4	1	model-36830.graphml	T16	4636
4	36833	True	5	60	1	4	1	model-36833.graphml	T16	1500
4	36834	True	5	60	1	4	1	model-36834.graphml	T16	3161
4	36836	True	5	60	1	4	1	model-36836.graphml	T4	4500
4	36838	True	5	60	1	4	1	model-36838.graphml	T8	33928
4	36839	True	5	60	1	4	1	model-36839.graphml	T16	9542
4	36842	True	5	70	1	4	1	model-36842.graphml	T12	62719
4	36848	True	5	70	1	4	1	model-36848.graphml	T12	4643
4	36853	True	5	80	1	4	1	model-36853.graphml	T16	113680
4	36856	True	5	80	1	4	1	model-36856.graphml	T12	97126
4	36891	True	5	50	1	4	2	model-36891.graphml	T4	61980
4	36892	True	5	50	1	4	2	model-36892.graphml	T4	8459
4	36893	True	5	50	1	4	2	model-36893.graphml	T4	22204
4	36895	True	5	50	1	4	2	model-36895.graphml	T5	54072
4	36896	True	5	50	1	4	2	model-36896.graphml	T4	24122
4	36897	True	5	50	1	4	2	model-36897.graphml	T5	68479
4	36898	True	5	50	1	4	2	model-36898.graphml	T6	21856
4	36900	True	5	50	1	4	2	model-36900.graphml	T6	20348
4	36910	True	5	60	1	4	2	model-36910.graphml	T5	40915
4	36911	True	5	70	1	4	2	model-36911.graphml	T5	129177
4	36912	True	5	70	1	4	2	model-36912.graphml	T7	59542
4	36914	True	5	70	1	4	2	model-36914.graphml	T7	37875
4	36926	True	5	80	1	4	2	model-36926.graphml	T6	153609
4	36948	True	5	95	1	4	2	model-36948.graphml	T6	33890
4	36949	True	5	95	1	4	2	model-36949.graphml	T5	100076
4	36961	True	5	50	2	4	0	model-36961.graphml	T8	9729
4	36962	True	5	50	2	4	0	model-36962.graphml	T12	17847
4	36963	True	5	50	2	4	0	model-36963.graphml	T16	25565
4	36964	True	5	50	2	4	0	model-36964.graphml	T4	33434
4	36967	True	5	50	2	4	0	model-36967.graphml	T16	163661
4	36968	True	5	50	2	4	0	model-36968.graphml	T8	12087
4	36971	True	5	60	2	4	0	model-36971.graphml	T4	23496
4	36974	True	5	60	2	4	0	model-36974.graphml	T8	11098
4	36975	True	5	60	2	4	0	model-36975.graphml	T12	5241
4	36978	True	5	60	2	4	0	model-36978.graphml	T4	32625
4	36980	True	5	60	2	4	0	model-36980.graphml	T8	33504
4	36984	True	5	70	2	4	0	model-36984.graphml	T8	19905
4	36990	True	5	70	2	4	0	model-36990.graphml	T12	32529
4	37032	True	5	50	2	4	1	model-37032.graphml	T4	2418
4	37033	True	5	50	2	4	1	model-37033.graphml	T16	886
4	37034	True	5	50	2	4	1	model-37034.graphml	T12	53863
4	37036	True	5	50	2	4	1	model-37036.graphml	T16	3597
4	37037	True	5	50	2	4	1	model-37037.graphml	T8	1024
4	37040	True	5	50	2	4	1	model-37040.graphml	T12	9760
4	37041	True	5	60	2	4	1	model-37041.graphml	T12	8295
4	37048	True	5	60	2	4	1	model-37048.graphml	T16	15105
4	37051	True	5	70	2	4	1	model-37051.graphml	T12	2907
4	37052	True	5	70	2	4	1	model-37052.graphml	T16	13529
4	37053	True	5	70	2	4	1	model-37053.graphml	T4	74888
4	37057	True	5	70	2	4	1	model-37057.graphml	T8	33841
4	37062	True	5	80	2	4	1	model-37062.graphml	T16	7959
4	37101	True	5	50	2	4	2	model-37101.graphml	T13	37314
4	37105	True	5	50	2	4	2	model-37105.graphml	T13	44436
4	37107	True	5	50	2	4	2	model-37107.graphml	T13	5300
4	37108	True	5	50	2	4	2	model-37108.graphml	T13	7390
4	37109	True	5	50	2	4	2	model-37109.graphml	T10	24284
4	37110	True	5	50	2	4	2	model-37110.graphml	T10	57737
4	37111	True	5	60	2	4	2	model-37111.graphml	T13	42522
4	37112	True	5	60	2	4	2	model-37112.graphml	T4	42522
4	37113	True	5	60	2	4	2	model-37113.graphml	T4	42532
4	37114	True	5	60	2	4	2	model-37114.graphml	T13	91265
4	37115	True	5	60	2	4	2	model-37115.graphml	T13	114397
4	37119	True	5	60	2	4	2	model-37119.graphml	T7	6386
4	37124	True	5	70	2	4	2	model-37124.graphml	T13	121523
4	37125	True	5	70	2	4	2	model-37125.graphml	T13	7426
4	37127	True	5	70	2	4	2	model-37127.graphml	T10	15194
4	37129	True	5	70	2	4	2	model-37129.graphml	T13	28264
4	37173	True	5	50	0	8	0	model-37173.graphml	T30	45283
4	37174	True	5	50	0	8	0	model-37174.graphml	T16	99840
4	37175	True	5	50	0	8	0	model-37175.graphml	T30	10826
4	37176	True	5	50	0	8	0	model-37176.graphml	T8	4907
4	37178	True	5	50	0	8	0	model-37178.graphml	T16	55801
4	37183	True	5	60	0	8	0	model-37183.graphml	T16	61567
4	37241	True	5	50	0	8	1	model-37241.graphml	T23	37618
4	37242	True	5	50	0	8	1	model-37242.graphml	T24	23660
4	37244	True	5	50	0	8	1	model-37244.graphml	T16	15437
4	37245	True	5	50	0	8	1	model-37245.graphml	T16	21426
4	37248	True	5	50	0	8	1	model-37248.graphml	T22	73184
4	37252	True	5	60	0	8	1	model-37252.graphml	T12	23890
4	37259	True	5	60	0	8	1	model-37259.graphml	T24	21747
4	37270	True	5	70	0	8	1	model-37270.graphml	T23	31921
4	37311	True	5	50	0	8	2	model-37311.graphml	T30	24696
4	37312	True	5	50	0	8	2	model-37312.graphml	T13	8701
4	37313	True	5	50	0	8	2	model-37313.graphml	T4	70731
4	37314	True	5	50	0	8	2	model-37314.graphml	T30	39578
4	37316	True	5	50	0	8	2	model-37316.graphml	T22	20240
4	37318	True	5	50	0	8	2	model-37318.graphml	T18	21472
4	37319	True	5	50	0	8	2	model-37319.graphml	T10	59167
4	37320	True	5	50	0	8	2	model-37320.graphml	T7	41266
4	37321	True	5	60	0	8	2	model-37321.graphml	T30	86068
4	37324	True	5	60	0	8	2	model-37324.graphml	T4	19847
4	37331	True	5	70	0	8	2	model-37331.graphml	T10	6206
4	37382	True	5	50	1	8	0	model-37382.graphml	T6	23928
4	37390	True	5	50	1	8	0	model-37390.graphml	T15	35959
4	37393	True	5	60	1	8	0	model-37393.graphml	T8	35210
4	37395	True	5	60	1	8	0	model-37395.graphml	T15	9147
4	37396	True	5	60	1	8	0	model-37396.graphml	T24	20772
4	37399	True	5	60	1	8	0	model-37399.graphml	T4	7883
4	37400	True	5	60	1	8	0	model-37400.graphml	T18	34976
4	37401	True	5	70	1	8	0	model-37401.graphml	T4	25074
4	37404	True	5	70	1	8	0	model-37404.graphml	T6	17571
4	37408	True	5	70	1	8	0	model-37408.graphml	T24	29603
4	37417	True	5	80	1	8	0	model-37417.graphml	T15	23967
4	37451	True	5	50	1	8	1	model-37451.graphml	T18	5047
4	37452	True	5	50	1	8	1	model-37452.graphml	T10	34065
4	37453	True	5	50	1	8	1	model-37453.graphml	T10	182905
4	37455	True	5	50	1	8	1	model-37455.graphml	T20	7362
4	37456	True	5	50	1	8	1	model-37456.graphml	T7	67581
4	37457	True	5	50	1	8	1	model-37457.graphml	T20	13281
4	37464	True	5	60	1	8	1	model-37464.graphml	T7	20040
4	37465	True	5	60	1	8	1	model-37465.graphml	T22	20228
4	37478	True	5	70	1	8	1	model-37478.graphml	T20	84437
4	37485	True	5	80	1	8	1	model-37485.graphml	T22	110382
4	37521	True	5	50	1	8	2	model-37521.graphml	T5	248500
4	37524	True	5	50	1	8	2	model-37524.graphml	T15	20304
4	37528	True	5	50	1	8	2	model-37528.graphml	T6	7373
4	37529	True	5	50	1	8	2	model-37529.graphml	T4	12415
4	37546	True	5	70	1	8	2	model-37546.graphml	T14	121147
4	37548	True	5	70	1	8	2	model-37548.graphml	T6	53597
4	37566	True	5	90	1	8	2	model-37566.graphml	T4	28710
4	37591	True	5	50	2	8	0	model-37591.graphml	T19	12309
4	37592	True	5	50	2	8	0	model-37592.graphml	T4	6338
4	37595	True	5	50	2	8	0	model-37595.graphml	T21	4997
4	37596	True	5	50	2	8	0	model-37596.graphml	T21	4373
4	37600	True	5	50	2	8	0	model-37600.graphml	T10	30663
4	37603	True	5	60	2	8	0	model-37603.graphml	T15	6365
4	37605	True	5	60	2	8	0	model-37605.graphml	T21	16122
4	37608	True	5	60	2	8	0	model-37608.graphml	T6	5872
4	37642	True	5	95	2	8	0	model-37642.graphml	T15	44477
4	37661	True	5	50	2	8	1	model-37661.graphml	T15	14641
4	37664	True	5	50	2	8	1	model-37664.graphml	T4	40432
4	37667	True	5	50	2	8	1	model-37667.graphml	T17	13712
4	37669	True	5	50	2	8	1	model-37669.graphml	T6	24094
4	37675	True	5	60	2	8	1	model-37675.graphml	T18	8862
4	37677	True	5	60	2	8	1	model-37677.graphml	T18	12038
4	37690	True	5	70	2	8	1	model-37690.graphml	T18	20636
4	37694	True	5	80	2	8	1	model-37694.graphml	T4	79523
4	37731	True	5	50	2	8	2	model-37731.graphml	T17	9420
4	37732	True	5	50	2	8	2	model-37732.graphml	T4	10020
4	37733	True	5	50	2	8	2	model-37733.graphml	T10	41464
4	37737	True	5	50	2	8	2	model-37737.graphml	T8	12883
4	37738	True	5	50	2	8	2	model-37738.graphml	T21	27910
4	37740	True	5	50	2	8	2	model-37740.graphml	T6	2850
4	37742	True	5	60	2	8	2	model-37742.graphml	T4	34884
4	37743	True	5	60	2	8	2	model-37743.graphml	T8	19596
4	37744	True	5	60	2	8	2	model-37744.graphml	T10	15669
4	37749	True	5	60	2	8	2	model-37749.graphml	T15	48268
4	37750	True	5	60	2	8	2	model-37750.graphml	T19	21196
4	37753	True	5	70	2	8	2	model-37753.graphml	T10	26065
4	37756	True	5	70	2	8	2	model-37756.graphml	T19	92092
4	37779	True	5	90	2	8	2	model-37779.graphml	T8	263735
